שם החוקר,שם התשובה ומקורו,השאילה,"חלק של שו""ע",מותר\אסור,Confidence 0-2,עשה\לא תעשה,Confidence,חייב\פטור,Confidence,ממון\איסור,Confidence,בין אדם לחבירו\למקום,Confidence,לכתחילה\בדיעבד,Confidence,יצא/לא יצא,התשובה,Category from Bar Ilan Responsa Index,
אבי פ.,"שו""ת מהר""ם מרוטנברג דפוס ברלין סימן יז (סב)",אם ישראל ששומר חמץ של גוי בחינם האם חייב הישראל לבערו לפני פסח,אורח חיים,NA,NA,עשה ,1,חייב,2,איסור,2,למקום,2,NA,NA,NA,,בדיקת חמץ,
אבי פ.,"שו""ת הרשב""ש סימן פז",אם מותר לקלל אדם מישראל שמקלל אותך מקודם,חושן משפט,מותר,2,לא תעשה,1,NA,NA,איסור,2,לחבירו,2,NA,NA,NA,,"אונאת דברים, מקלל",
אבי פ.,"שו""ת בית יהודה חלק אבן העזר סימן כו",מי שמת והניח אלמנה ובת אחד ונתארס הבת וארוסתו רוצה להפסיק נתינת מזונות להאלמנה אם יכול להפסיק מליתן המזונות בעל כרחה. גם אם יכולה לגבות כתובתה מעידית או בינוינת באופן שהיא אינה תובע כתובתה.,אבן העזר,אסור,0,NA,1,חייב,1,ממון,2,לחבירו,2,???הלכה ולא למעשה על שאילה שניה?,0,NA,,"כתובה, מזונות",Index List.docx
אבי פ.,"שו""ת יחוה דעת חלק ג סימן עא",האם חייב אדם לתת מקומו באוטובוס צבורי לזקן או חכם שנכנס אחריו,יורה דעה,NA,2,עשה ,2,חייב,2,איסור,2,לחבירו,2,NA,2,NA,,כבוד תלמיד חכם וזקן,
אבי פ.,"שו""ת קול אליהו חלק ב יורה דעה סימן כא",האם חייב לנהוג אבילות מיד בזוג שנשאו ומיד אחר החתונה מת אבי הכלה או יכול להמתין עד לאחר שבעת ימי המשתה,יורה דעה,מותר,1,לא תעשה,0,פטור,0,איסור,1,למקום,2,NA,NA,NA,,"אבילות, קידושין ונישואין",
אבי פ.,"שו""ת האדמו""ר הזקן סימן ט",שוחט שמסיג גבול חבירו אם שחיטתו כשר לאחרים,יורה דעה,אסור,1,לא תעשה,1,NA,NA,איסור,2,למקום,1,בדיעבד,1,NA,,שוחט,
אבי פ.,"שו""ת הרשב""א חלק ה סימן קכד","מי שנשבע לפרוע לחבירו כך וכך לזמן פלוני, אם יכול לישאל על שבועתו שלא בפניו",יורה דעה\חושן משפט,אסור,2,לא תעשה,1,NA,NA,איסור,1,לחבירו,2,בדיעבד,2,NA,,"שבועה, הלוואה (חוב) ",
אבי פ.,"שו""ת מחזה אליהו חלק ב סימן ו",חולה צריך לאכול תוך קריאת שמע או ברכת קריאת שמע אם יש לברך ברכת הנהנין,אורח חיים,מותר,2,עשה,1,חייב,1,איסור,2,למקום,2,NA,,NA,,"ברכות, קריאת שמע, תפילה",
אבי פ.,"שו""ת רדב""ז חלק ב סימן תרנח ",מי ששלח שליח לשדך לו את גרושתו והלך השליח ושדכה וקדשה אם הם מקודשת כיון שלא עשאו שליח על הקידושין,אבן העזר,NA,,NA,,NA,,איסור,,לחבירו,,NA,,NA,יש שליחות גם לקידושין ,"שליחות, קידושין ונישואין",
אבי פ.,"שו""ת להורות נתן חלק ח סימן יד",אם מותר לקראו אגרת המגיע אליו בשבת על ידי מלאכת גוי,אורח חיים,אסור,2,לא תעשה,2,NA,,איסור,2,למקום,2,בדיעבד,2,NA,,"מלאכה בשבת, אמירה לגוי",
Julie,"שו""ת הרי""ף סימן סט",ראובן הוציא שטר חוב על שמעון וזה טופסו רצה שמעון בקנין שיהפך השבועה שנתחייב בה לראובן מאה ושמונים ואחד דינרים שתבעו בדין עליו שישבע ראובן זה ויטול אותם ממנו ונתרצו בכך רצוי גמור וכולא עניינא דשטרא ומתו העדים והעידו שנים על כתב ידו שלזה והב' אין ידוע מהו ושמעון כפר בכל ואמר לא היו דברים מעולם.  ,חושן משפט,NA,,NA,,NA,,ממון,,לחבירו,,NA,,,,,
Julie,תרומת הדשן פסקים וכתבים סימן רנו,"אם בעל לאישה גיורה רוצה להתחתן אם מישהי אחרת, האם הוא צריך לתת לגיורה גת? ואפשר לתת את הגת ע׳׳י שליח?",אבן העזר,NA,,NA,,חייב?,,איסור,,לחבירו?,,NA,,,,,
Julie,"שו""ת אגרות משה אורח חיים חלק א סימן ב",בבגד של שאר מינים וכנפיה של צמר אם יצא בציצית של צמר,אורח חיים,NA,,עשה,,חייב?,,איסור,,למקום,,,,?,,,
Julie,"שו""ת בית מרדכי חלק ב סימן לג",האם ראש השנה ויום הכיפורים נחשבים כ’׳ימים טובים׳׳ או ׳׳ימים נוראים׳׳ לנדרים?,יורה דעה,NA,,עשה?,,NA,,איסור,,בין אדם לחבירו\למקום???,,NA,,,,,
Julie,"שו""ת אור לציון חלק א - יורה דעה סימן ד","שאלה: הלוה מחבירו כסף ישראלי, ופורע לו אחר זמן כסף ישראלי לפי ערך הדולר היציג, האם יש בזה איסור ריבית, או לא.  ",חושן משפט,אסור,,לא תעשה,,,,ממון,,בין אדם לחבירו?,,,,,,,
Julie,"שו""ת הר""ן סימן כח",אלמנות?,אבן העזר?,מותר/אסור (לא יודע),,NA,,NA,,איסור,,?ּ,,?,,,,,
Julie,"שו""ת דברי חיים אורח חיים חלק ב סימן מב",האם מותר להאכיל סובין לבהמות בפסח? ולהשתמש בחלב?,יורה דעה,"אסור (סובין), מותר (חלב)",,לא תעשה,,NA,,איסור,,בין אדם למקום,,לכתחילה,,,,,
Julie,"שו""ת אבקת רוכל סימן לב","קהלות שנוהגים כהרמב""ם ז""ל בקולותיו ובחומרותיו דור אחר דור מהו לכוף אותם לנהוג כהר""י וזולתם מהאחרונים המביאים הסברות או דילמא הזהרו מנהג אבותיכם ואם רבו במלכיות רבים מהו  ",אורח חיים?,NA,,NA,,NA,,NA,,both,,NA,,NA,,,
Julie,"שו""ת ב""ח החדשות סימן נב","אפשר לנהוג בדיני שבעה אחרי מיתת אישה, כשהיא בארון אבל עדיין לא נקפרה כדי לדון את רצחיה במיתה?",חושן משפט?,NA,,עשה?,1,NA,,איסור,,בין אדם למקום,2,,,יצא,"כ""א לצורך המת חשוב סתימת הגולל לפירש""י ומונין ז' ול' משעת סתימת הכיסוי והלכך אביה ואחיה שמנו ז' ול' יצאו ידי חובתן ושוב אין צריכין לחזור ולמנות.",אבילות,
Julie,"שו""ת הרשב""ש תשובות מכתב יד סימן יח*",שאלת מי שקדש אשה בפני נשים והיא מודה בדבר אלא שהיא אומרת משטה הייתי בך כיון שהייתי יודעת שעדות נשים אינו כלום מהו לחוש לקדושיו.,אבן העזר,NA,,NA,,NA,,איסור,,בין אדם לחבירו,,בדיעבד,0,לא יצא?,,קידושין ונישואין,
Julie,משפטי שאול סימן כז,"איש רצה לגרוש אשתו, הלכו לב׳׳ד, אבל לא הסכימו על תנאי הגירושין (?). האשה אמרה שלאחר כן, החזירו לחיות כבעל ואשה, ואז רצו גירושין עוד פעם. המחלוקת בתנאי הכלכליות של הגירושין: האם האשה מפסידה את מזונותיה או לא?",אבן העזר,NA,,NA,,חייב?,1,ממון,,בין אדם לחבירו,2,NA,,NA,האשה לא הפסידה מזונותיה,גירושין,
Avi S,"שו""ת אבני נזר חלק חושן משפט סימן ג","בדין שנים שדנו: הנה הכל תמהו על הרמב""ם שפסק פ""ב מהלכות סנהדרין [ה""י] דמותר לאחד לדון מה""ת ומדברי סופרים עד שיהי' שלשה ושנים שדנו אין דיניהם דין ובסוגיא [סנהדרין ג ע""א] מבואר דלרב אחא דאמר מדאורייתא חד נמי כשר שנים שדנו דיניהם דין.",חושן משפט,N/A,,N/A,,N/A,,גם וגם,,בין אדם לחבירו?,,N/A,,,"מעתה ניחא פסק הרמב""ם דלדידן דקי""ל כרשב""ג דגיטין דהוכיח סופו על תחילתו היכי דאמר כתבו. ונ""ד כאמר כתבו דמי כנ""ל. א""כ אי לאו דשליחותייהו עבדינן הי' פסול מה""ת כיון דלפוטרו הו""ל דיני גזילות כנ""ל…שו""ת אבני נזר חלק חושן משפט סימן א וכיון דקיבלו והמומחין מחלו על כבודם כשר מה""ת. וזה שכתב בפ""ב [ה""י] אעפ""י שאין ב""ד פחות משלשה יכול היחיד לדון מה""ת. והיינו לאחר שמחלו המומחין על כבודם דליכא משום הדיוטות. רק משום שהם פחות משלשה לזה מהני בהלואות אפי' אחד ומדברי סופרים עד שיהי' שלשה משום גזירה דיושבי קרנות ושוב לא מחלו על כבודם ביחוד. ע""כ שנים שדנו אין דיניהם דין:",,
Avi S,"שו""ת אבני נזר חלק יורה דעה סימן עא","בדבר פרה חולבת אשר בעת החליבה נראין טפי דמים בחלב ולאחר שנשתהה מעט כמו שני מינוטין הם נאבדין במיעוטן. ובלי ספק שיש ששים נגד טפים הנ""ל.",יורה דעה,אסור,,לא תעשה,,N/A,,איסור,,בין אדם למקום,,N/A,,,"מעתה בנ""ד כי היכי דלר""מ חוששין שדם זה מחמת שלא נהפך להיות חלב. ואף שלעולם הדם נדה יוצא דרך הפתח. מ""מ י""ל דעכשיו בא עם החלב לדדים. כמו כן נחוש לרבנן שדם זה מחמת שכל המקור לא נעשה חלב ומקצת ממנו נעשה דם ובא עם החלב לדדים. וע""כ כמו שלר""מ נחוש בהחלב שלא נהפך הדם כל צרכו. כמו כן נחוש לרבנן שבהחלב יש עוד טיפי דם. שהמקור הא לא נהפך כולו להיות חלב שהרי יש טיפי דם ונחוש שעוד הי' טיפי דם בתוך החלב אלא שנימוחו ונראה כאילו הוא חלב. והרי טיפי דם אלו ג""כ בשני מינוטין נמוחו ואינם נכרין. מסתמא כבר נמחו בתוך הדדים ג""כ אלא שאינו ניכר.",,
Avi S,"שו""ת דעת כהן (ענייני יורה דעה) סימן כ","בדבר מה שהנהיגו בבית המטבחים, להגביה את השור בשלשלת של ברזל קשורה על ראשו, והגוף תלוי למטה,",יורה דעה,אסור,,לא תעשה?,,N/A,,איסור,,בין אדם למקום,,N/A,,,,,
Avi S,"שו""ת דעת כהן (ענייני יורה דעה) סימן סד","וע""ד הצורות של מזלות שבמחזורים",יורה דעה,מותר,,לא תעשה?,,N/A,,איסור,,בין אדם למקום,,N/A,,,,,
Avi S,"שו""ת חכם צבי סימן פט","בהלכות חנוכה סי' תע""ר בענין מנהג הנשים שלא לעשות מלאכה יש מחלוקת בין הטור והב""י",אורח חיים,N/A,,,,N/A,,איסור,,בין אדם למקום,,N/A,,," נלע""ד עיקר כדברי הרב""י",,
Avi S,"שו""ת חכם צבי סימן קמט",כמה ריוח צריך להניח בין קבר לקבר ובפרט בבית הקברות של אמשטרדם שהעפר רך ותיחוח,יורה דעה,N/A,,,,N/A,,איסור,,בין אדם למקום?,,N/A,,,"דבר זה נשאל מרבנו האי גאון ותשובתו בארוכה ה""ה כתובה על ספר תורת האדם להרמב""ן בשער הקבורה דל""ח ע""ג ותמצית דבריה /דבריו/ שא""א שיהיה בין מת לחברו פחות מששה טפחים…בביה""ק שבאמשטרדם שעפרה תחוח ורך מאוד כ""ע מודו דאין למעט ההפרש שבין קבר לקבר פחות מאמה א' שהיא ששה טפחים אדרבא לפי דבריו הי' צריך להרחיק באמשטרדם יותר מאמה.",,
Avi S,"שו""ת מבי""ט חלק א סימן פ","יבמה בת כ""ב שנה נפלה לפני יבם בן ז' שנים והמתינה לו עוד שבע שנים אחרות לשיגדיל אח""כ בקשו ממנו קרובי היבמה שיחלוץ כמנהג אז בקש אבי היבם להניס את בנו למדינת הים כדי לעגן היבמה וליטול ממנה ממון רב באו קרובי היבמה וצעקו לב""ד העיר ודברו לאבי היבם דברי פיוס שלא יצא וילך ויעגן אותה יותר ממה שנתעגנה היבם הוא נער משיב מה שיעשה אביו עשוי ואביו משיב שרוצה לעגנה אם לא יתנו לו ת""ק דוקאדו' אז הלכו קרובי היבמה לערכאות וצוו עליו שלא יוציא הנער והוא רצה לבטל ולא עלה בידו אלא שצוו שיעמדו בדין תורה לפני הדין אז אמר שהיה רוצה שייבם בנו ולא יחלוץ וקרוביה יבמה טוענים שמעולם לא נהגו באותה המדינה ליבם אלא לחלוץ ועוד שהיבם נער ובער לא יודע בין ימינו לשמאלו ועוד במה יפרנסנה בכיוצא בזה כופין לחלוץ או לא.",יורה דעה,N/A,,,,N/A,,איסור,,,,,,,ולא מצאתי דרך שיוכלו לכוף יבם זה לחלוץ כי אם מצד המנהג אם הוא מנהג קבוע על פי גדולים באותה מדינה דבמקום שהלכה רופפת בנדון זה שהוא מחלוקת בין הראשונים הלך אחר המנהג,,
Avi S,"שו""ת מבי""ט חלק א סימן קז","על ענין הגט שניתן ליד שליח שיתנהו לאשתו ושיקח קודם שטר כתובתה והשליח עשה שליח אחר ולא הזכיר לו התנאי הנז' וניתן בפני ב""ד ליד האשה וקרעוהו אח""כ קרע ב""ד ואח""כ נודע ענין התנאי הנז' שבא השליח הא' והודיעו ונשאו ונתנו חכמי העיר בענין ונר' לרובן שהגט כשר עדיין לגרש בו אח' שיקח השליח הכתובה אח""כ",יורה דעה,מותר,,N/A,,N/A,,איסור,,בין אדם לחבירו?,,,,,"ע""כ משמע דכל שאין פיסולו בגופו של גט אפילו הוי פיסול נתינתו מן התורה יכול לחזור ולתתו לה",,
,,,,,,,,,,,,,,,,,,,
אבי פ.,"שו""ת מגדנות אליהו חלק ב סימן סא",איזה תשמיש יש בתפילין בשבת שמותר לטלטל אותם בשבת לצורך גופן ומקומן,אורח חיים,NA,,NA,,NA,,איסור ,1,למקום,2,NA,,,יש ב תשמישים בתפילין בשבת: א- לבישה משום שמירה. ב- סתם לבישה בתפילין אפילו כשאין מצוה מותר,"תפילין, שבת, מוקצה",
אבי פ.,"שו""ת רבינו גרשום מאור הגולה סימן כ",אם פת פלתר של גוי מותר לאכול,יורה דעה,אסור,2,לא תעשה,2,NA,,איסור ,2,למקום,2,בדיעבד,2,NA,,פת גוי,
אבי פ.,"שו""ת איש מצליח חלק ג (אורח חיים, יורה דעה) סימן יב",מי ששכך אם אמר גשם במקום טל ביום ראשון של פסח האם צריך להתפלל מנחה פעמים,אורח חיים,NA,,עשה,2,פטור,1,איסור,1,למקום,2,בדיעבד,1,NA,אינו צריך לחזור,"תפילה, ספק",
אבי פ.,"שו""ת פני יהושע חלק א חושן משפט סימן ג",אם יש שותפין שקנה מקח ביחד ואחד כתב שטר חוב על עצמו לשלם הכל משום שהוא בעל אמנה ושילם אותו שותף על הכל ואחר כך מכר החפץ אם חייב השותף שלא שילם לשלם מחצה מהרווח,חושן משפט,NA,,NA,,חייב,1,ממון,2,לחבירו,2,NA,,NA,חייב לשלם בשביל חצי,שותפות,
אבי פ.,"שו""ת האדמו""ר הזקן סימן כה",אשה שמטורפת לקצת דברים אבל בענין הגט מדברת כענין האם נחשבת כשוטה ואינו יכול לגרשה,אבן העזר,מותר,1,NA,,NA,,איסור,2,למקום,2,NA,,NA,יכול ליתן הגט כל זמן שיכולה לשמר עצמה וגיטה,"גירושין, שוטה",
אבי פ.,"שו""ת יביע אומר חלק א - אורח חיים סימן מ",אם יש לנשים לברך ברכה על מצות לולב וסוכה שפטורים עליהם,אורח חיים,אסור,1,עשה,1,פטור,1,איסור,1,למקום,2,לכתחילה,1,NA,"לכתחילה לא יברך אבל יש להם על מה לסמוך ומ""מ עדיף שלא לברך","ברכות, מצות עשה שהזמן גרמא",
אבי פ.,"שו""ת כתב סופר אבן העזר תשובות נוספות סימן קו",אם יכול לשנות המנהג מעשיית חופה תחת כיפת השמים לעשות החופה תחת זה בבית הכנסת,אבן העזר,אסור,2,לא תעשה,2,NA,,איסור,2,למקום,2,NA,,NA,,"מנהג, קידושין ונישואין",
אבי פ.,"שו""ת זכרון משה סימן טז",אם צריך להמתין שבעה נקיים אם רופא עשה לאשה בתולה פרוצדורה ואומר שיש רק דם מכה ולא דם מקור,יורה דעה,אסור,1,לא תעשה,2,חייב,1,איסור,2,למקום,2,NA,,,צריך להמתין ז נקיים כמו כל דם בתולים ואפילו אם אינו דם מקור,"נדה, דם בתולים",
אבי פ.,"שו""ת מאמר מרדכי כרך ב אבן העזר סימן יז",אם משפט המדינה מחייב בעל שמסרב לתת גט סכום ממון וכתב הבעל גט משום זה אבל אמר שזהו בעל כרחו אם האשה מותרת בגט זה,אבן העזר,מותר,2,לא תעשה,1,NA,,איסר,2,למקום,,בדיעבד,2,,כיון שבעל חייב במזונות יכול לומר שסכום זה אינו אלא משום זה. ולחתחילה יכתוב גט אחרת ושיחזור האשה הממוןץ ,"גירושין, אונס, בעל ואשה",
אבי פ.,"שו""ת תשב""ץ חלק ד (חוט המשולש) טור א סימן ד",אם יכול ההורים לברך ברכת הגומל על ילדים קטנים שקמו מחולי,אורח חיים,מותר,2,עשה,2,חייב,2,איסור,2,למקום,2,NA,,NA,,ברכות,
אבי פ.,"שו""ת אורח משפט אורח חיים סימן יב",אדם שחנותו פותח בשבת ואומר שאינו הוא אלא אשתו אם נחשב הוא כמחלל שבת בפרהסיא ונפסל מכל דברים שבקדושה,אורח חיים,אסור,1,לא תעשה,0,NA,,איסור,2,למקום,2,,,,,"שבת, מומר",
אבי פ.,"שו""ת באר דוד סימן יט",שוחט ששחט ולא בדק הסימנים ויש הרבה טעמים לחשוב שנשחט רוב שנים אם מותר לאכול העוף,יורה דעה,מותר,2,לא תעשה,2,NA,,איסור,2,למקום,2,בדיעבד,2,NA,,"שחיטה, ספק",
אבי פ.,ספר גן המלך סימן כא,אם אכל חצי זית ושתה חצי רביעית האם שניהם מצטרפים לשיעור לחייב ברכה אחרונה,אורח חיים,NA,,עשה,2,פטור,2,איסור,2,למקום,2,,,,,"ברכות, ברכה אחרונה",
אבי פ.,"שו""ת מהר""ם מינץ סימן כג","אשה שנתן ממון לאחר ואמר לו שהוא מתנה אבל המקבל לא נתן דעתו לקבלו כיון שחשב שההמון היה של בעלה ואח""כ מת הבעל אם יחזיר האיש ממון זה לאשה בשביל כתובתה או ליורשים",אבן העזר\חושן משפט,NA,2,NA,1,NA,2,ממון,2,לחבירו,2,NA,2,NA,יחזיר הממון ליורשי הבעל,"ירושה, בעל ואשה, פקדון",
אבי פ.,"שו""ת אמונת שמואל סימן לז"," אלמנה שעשה פשרה על ידי שטר למחול חלק מכתובתה לילדיה ואחר כך מת אחד מילדיה אם יכולה לחזור ממה שהסכימה כיון שהיא טוענת שלא מחלה אלא בשביל היתומים ועשכיו מתו, או דילמא שכיון שכבר מחלה מחלה והממון הולך ליורשי היתומים. 2-  מי חייב בשביל ההוצאות שנמצא בשטר, האב או היתומים?",אבן העזר\חושן משפט,NA,2,NA,1,NA,1,ממון,2,לחבירו,2,NA,2,NA,כיון שמחלה לא יכולה לחזור ולומר תנאים שלא אמר בשעת מעשה והממון הולך ליורשי היתומים. על שאילה השניה היתומים חייבים לשלם ההוצאות כיון שיש להם ממון והפשר אינו ברור. ,"ירושה, כתובה",
אבי פ.,"שו""ת בצל החכמה חלק ב סימן סז",אם יש חיוב אבילות על מי שנאמר לו שיפנו עצמות אביו במקום רחוק ויקברנו במקום אחר?,יורה דעה,NA,2,עשה,1,פטור,1,איסור,2,למקום,1,NA,2,NA,אין חיוב אבילות משום שדוקא אם שמע שכבר לקט עצמות קרוביו חייב. אבל כאן אמרו לו רק שיעשו זאת בעתיד. וגם יש טעמים אחרים. ,אבלות ,
אבי פ.,"שו""ת הרד""ל סימן ו","אם ""שמן קנבוס"" אסור בפסח משום קטניות",אורח חיים,אסור,2,לא תעשה,2,NA,2,איסור,2,למקום,2,בדיעבד,2,NA,נחשב קטניות ואסור ומחמירים הרבה בפסח,"חמץ, פסח",
אבי פ.,"שו""ת תורת חיים (גרי""ח זוננפלד) סימן קו",בענין למיוד שפה עברית בבתי ספר,NA,מותר,2,לא תעשה,1,NA,2,איסור,2,למקום,2,בדיעבד,1,NA,יש הרבה בעיות אם זה ויש חשש מינות וביטול תורה אלא שיש צורך ובאופן זו בדיעבד יכול ללמד להם שפת עברית קצת,חינוך,
אבי פ.,"שו""ת הרא""ש כלל נא סימן ד","בשאילת אגונה אם האשה מותרת כשיש קצת סתירות בעדיות של אנשים שונים בפרטים, אבל כולם אומרים שבעליה מת",אבן העזר,מותר,2,לא תעשה,1,NA,2,איסור,2,למקום,1,לכתחילה,2,NA,מותרת אפילו אם לא נישאת עדיין. ,עגונה,
אבי פ.,"שו""ת יוסף אומץ סימן ח",מי שאמר על הניסים בעבודה ולא בהודאה אם נחשב הפסק בתפילה וצריך להתפלל עוד פעם?,אורח חיים,NA,2,NA,1,פטור,1,איסור,1,למקום,2,בדיעבד,2,יצא,אינו צריך לחזור,תפילה,
אבי פ.,"שו""ת עבודת הגרשוני סימן טז",שוחט ששחט בשני מקומות ושהה שיעור שהייה ביניהם ואמר שלא יצא דם ולא טרפו אם צריך לחשוש שנעשה טריפה ואסורה או מותרת?,יורה דעה,מותר,2,לא תעשה,1,NA,2,איסור,2,למקום,2,לכתחילה,2,NA,יכול לסמוך על השוחט אפילו לכתחילה כיון שזהו שעת הדחק והפסד מרובה,"טריפה (בבעלי חיים), שחיטה",
Julie,"שו""ת רש""י סימן ל","הבא אל [על] בתו [חייב עליה משום אשת אחי אביו]א, וכן הבא על בת בתו חייב עליה משום כלתו.",אבן העזר,אסור,2,לא תעשה,2,חייב,1,איסור ,2,both?,0,NA,,NA,,עריות,
Julie,"שו""ת הר""ן סימן נט",מותר לאכול חיטים מבוקעות? (??),יורה דעה,אסור (אבל חיטים אינן מבוקעות מותרות),1,לא תעשה,1,NA,,איסור ,2,בין אדם למקום,2,לכתחילה,1,NA,"מבוקעות אסורים, אינן מבוקעות מותרות",פסח,
Julie,"שו""ת ויקרא אברהם חלק אורח חיים סימן כג",מה המנהג בתפילה אחרי קריאת המגילה בלילה וביום?,יורה דעה,NA,,עשה,1,NA,,איסור ,2,בין אדם למקום,2,לכתחילה,2,NA,"בלילה אומרים ואתה קדוש תכף אחרי קריאת המגילה, וביום אומרים תהלה לדוד, קוראים את המגילה, ואז אומרים ובא לציון",,
Julie,"שו""ת חשב האפוד חלק ג סימן מב","אם בית כנסת הפך חלק מעזרת הנשים לחדר משמש לשבת שם נשים לעסוק בתפירת תשמישי קדושה כגון מעילי ספר תורה ופרוכת וכדומה, ונשאלתי אם שפיר עבדו.  ",אורח חיים,מותר,1,NA,,NA,,איסור ,2,בין אדם למקום,,בדיעבד,,,מותר בדיעבד,"בית הכנסת, תשמישי קדושה",
Julie,"שו""ת מהר""ם אלשקר סימן קכ",עוד שאלת בשטר היוצא בתוך זמנו אם יש לו ליפרע ממשעבדי בלא שבועה כדמפרע מיתמי. ,חשן משפט,NA,,NA,,חייב,0,ממון,1,בין אדם לחבירו,2,לכתחילה,,,צריך שבועה,"שטרות, שבועה",
Julie,"שו""ת חוט השני סימן ד",האם משהו שתוקע כפו בקנין יכול לחזור בו?,חשן משפט,מותר,1,NA,,NA,,ממון,2,בין אדם לחבירו,2,בדיעבד,1,NA,יכול לחזור בו כל זמן שעסוקין באותו ענין,קנין,
Julie,"אוסף פסקי דין של הרבנות הראשית לארץ ישראל חלק ב פס""ד המתחיל בעמוד 63",תביעות חיוב נשואין ומזונות והכרת אבהות של תינוק ותשלום דמי מזונות  ,אבן העזר,NA,,עשה,1,פטור?,0,both?,0,בין אדם לחבירו,1,NA,,,"אין המערער חייב לישא את המשיבה לאשה, ואין עליו חובת מזונות להמשיבה, ולא לבנה, הואיל ואינו מיוחס לאביו לשום דבר, אלא הרי הוא בן שתוקי.",קידושון ונישואין,
Julie,"שו""ת מהר""ם מרוטנבורג דפוס לבוב סימן מט",אם ראובן יכול לגלגל על שמעון גם ההפסד שהפסיד על ידו שהוצרך לפייס הסוחרים ולהשחידם שלא יצעקו על דבר זה.  ,חשן משפט,NA,,NA,,פטור,2,ממון,1,בין אדם לחבירו,1,לכתחילה,2,NA,פשוט הוא ששמעון פטור מזה היכא דלא ידע שמעון שהיה סיגים ולא היה עליו להזהירו.,הפסד מרובה?? Not sure,
Julie,"שו""ת רבי אברהם בן הרמב""ם סימן צב",אם ימסרו את הקדושין במעמד העדים או במעמד כל הנמצאים בשעת החתונה.,אבן העזר,NA,,עשה,1,חייב,1,איסור ,2,בין אדם למקום,1,לכתחילה,2,לא יצא (בלי עדים כשרים),"התשובה שהמוכרח בענין זה מסירתם במעמד שני עדים כשרים לעדותא ואולם מעמד כל הנמצאים בשעת החתונה אינו מוכרח ואינו מזיק, ואינו חובה ואינו חסרון","קידושון ונישואין, עדות",
Julie,"שו""ת הלכות קטנות חלק ב סימן קעח",הרואה קבר אביו אחר ל' יום אם יברך דיין האמת,יורה דעה,NA,,NA,,פטור?,1,איסור ,2,בין אדם למקום,2,לכתחילה,2,NA,לא,"אבלות, תפילה",
Julie,"שו""ת דברי חיים אורח חיים חלק ב סימן לח",שאלה בנידון השומים הנמצאים בחיטים אם לאכול מהם בפסח:  ,אורח חיים,אסור,1,לא תעשה,2,NA,,איסור ,2,בין אדם למקום,2,לכתחילה,2,NA,אסור לאכול חיטה שיש בו שומים יותר מששים לחיטים או אם לא בדוקים (?),פסח,
Julie,"שו""ת הריטב""א סימן ב",אם יש שם כהנים ולויים הרבה ורוצים לעלות מהם שנים לכבוד בעל הנשואין כיצד יעשו,אורח חיים,NA,,עשה,0,NA,,איסור ,1,בין אדם לחבירו,1,לכתחילה,2,NA,יעלה כהן ואחריו לוי ואחריו ישראל ואחריו כהן ואחריו לוי ואחריו ישראל. ,קריאת התורה,
Julie,"שו""ת יכין ובועז חלק א סימן כו",אם קטן בגיל פחות מי׳׳ג ויום אחד אפשר לקרוא מספר תורה,אורח חיים,אסור,1,עשה,1,NA,,איסור ,2,בין אדם למקום,2,לכתחילה,2,יצא בדיעבד?,,קריאת התורה,
CJ,"שו""ת שיבת ציון סימן ח","בעיר אשר מחוצה לה יש הרבה בתים סמוכים זה לזה בתוך שבעים אמה ושני שלישים ובסוף הבתים האלה יש ארוות סוסים מקום שמגדלים בו סוסים (שקורין שטוטרייא) ובתוכו בית דירה לשומרים אם חשיב ג""כ לבית דירה להכניס הבנין הזה לתוך העיר ולמדוד התחום מסוף הארוות סוסים הלזה.",אורח חיים,N/A,,לא תעשה,2,N/A,,איסור ,2,בין אדם למקום,2,לכתחילה,2,N/A,אם יש שם בית דירה גם ארוות סוסים מצטרף להעיר אם הוא בתוך שבעים אמה ושיריים ואם אין בה בית דירה אינו מצטרף אל העיר.,,
CJ,"שו""ת הר צבי יורה דעה סימן רנז","באחד שמינה שליח להקנות לגוי את הפרות המבכרות שלו כדי לפוטרם מן הבכורה, ונאמר לו שימכור לגוי גם חמורה מבכרת שלו והשליח עשה שליחותו ומכר את הפרות והחמורה לגוי, 
אם חל הקנין של הגוי כדי להפקיע את הבכורה.",יורה דעה,N/A,,עשה,2,חייב,1,איסור ,1,בין אדם למקום,2,בדיעבד,2,,המכירה של החמורה המבכרת אינה מכירה להפקיע מידי בכורה,"פטר חמור, מכירה לגוי",
אבי פ.,"שו""ת בית שלמה חלק אבן העזר סימן יב","אשה שרואה דם בלי כאב במי רגלים ויש לה וסת קבוע אם יכול להתירה על ידי בדיקת מהר""י וייל?",יורה דעה,מותר,2,לא תעשה,1,NA,2,איסור,2,למקום,2,לכתחילה,1,NA,יכול להתירה בלי כאב על ידי בדיקה אם סמך שהרופאים אומרים שאינו מהמקור,נדה,
אבי פ.,"שו""ת דברי חכמים חלק אבן העזר סימן ב",אם יכול אב להיות שליח לקדש בנו הקטן,אבן העזר,NA,2,עשה,1,NA,2,איסור,2,למקום,1,בדיעבד,1,NA,אינו יכול להיות שליח לבנו הקטן,"שליחות, קידושין ונשואין, קטן",
אבי פ.,"שו""ת זכרון משה סימן יט","אם מותר ליקח זרע מאיש וליתנו לאשה אשת איש שאינה יכול לילד, ומה הדין בולד הנולד, ואם האשה מותרת לבעלה",אבן העזר,אסור לעשות זה. אם עשאה מותרת לבעלה. ,2,לא תעשה,1,NA,2,איסור,2,למקום,2,לכתחילה,1,NA,"אסור לעשות זה משום הבחנת הולד, ואם עשאו מותרת לבעלה. והולד הולך אחר בעל הזרע. ","עריות, בעל ואשה",
אבי פ.,"שו""ת יד אפרים סימן יג",אם מותר לקראו לתורה בחור בר מצוה בפרשת שבת שובה אם הבחור והוריו אינם שומרים תורה ומצות? ,אורח חיים,מותר,2,עשה,1,חייב,1,איסור,1,לחבירו\למקום,1,לכתחילה,2,NA,יש מצוה לקראו כיון שהוא נקי מכל חטא וכל יכול לקראו בעל עבירה לכל עלייה וגם נחשב תינוק שנשבה ויש הרבה טעמים. ,"קריאת התורה, קטן",
אבי פ.,"שו""ת ישועות מלכו חלק חושן משפט סימן יז",אם יכול יורשים של מת קדוש אחד למנוע אחרים מלבאו לקבר שנעשו אהל וציון משל ציבור לקברו?,חושן משפט,אסור,1,לא תעשה,1,NA,1,ממון,2,לחבירו,2,NA,2,NA,"אף על פי שלעולם היה מפתח לקבר מ""מ הרי האהל והזכות לבא לקבר זכות רבים ואין היחידים יכולים למנוע הרבים ממנו","בית הקברות, חזקה",
אבי פ.,"שו""ת משנה הלכות חלק י סימן מו",מי שיצא ממקום אם כינוס עבים והלך למקום שיש כינוס עבים אבל באמצע הליכתו היה הרקיע בהיר בלי עבים אם חייב לברך עוד פעם על הברק ורעם במקום החדש?,אורח חיים,NA,2,עשה,2,חייב,2,איסור,1,למקום,2,NA,2,NA,חייב לחזור ולברך,ברכות,
אבי פ.,"שו""ת מהר""י קצבי (רב יוסף) סימן ג","מי שנשבע לישא קטנה שאינו ראויה להוליד ואחר כך אומר שאינו רוצה לישאנה אלא לישא אחרת כדי שלא יבטל מפרו ורבו ועוד טעמים, האם חלה השבועה ואסורה לאחרת או לא, ואם חל האם יכול בית דין להתיר השבועה בלי דעת אבי הקטנה?",אבן העזר,מותר,2,לא תעשה,2,NA,2,איסור,2,למקום,1,בדיעבד,1,NA,"מאריך בתשובה אבל למעשה אמר שב""ד יכול להתיר השבועה שלא לדעת אביה והוא מותר לינשא לאחר","שבועה, קידושין ונישואין, פריה ורביה, קטן",
אבי פ.,"שו""ת הריב""ש סימן פה",אם יש להתיר בהמה שנמצא האומה והאונין דבוקות לצלעות ולשדרה ולטרפש הכבד וללב בלא פלוש כלל משום מנהג שנהגו?,יורה דעה,אסור,2,לא תעשה,2,NA,2,איסור,2,למקום,2,בדיעבד,2,NA,"כיון שאין מקור להתיר זו, אין להתיר איסור דאורייתא",טריפה (בבעלי חיים),
אבי פ.,"שו""ת הרשב""א חלק ד סימן כ",מי שהשאיל חביות לחבירו לשים בו יין וכשבא למכור את יינו סגר הדלת בפניו כדי שלא יוכל למוכרו. ובסיבת עכבתו נפס' היין אם חייב לשלם לחבירו דמי הפסידו?,חושן משפט,NA,2,עשה,1,פטור,2,ממון,2,לחבירו,2,בדיעבד,1,NA,פטור,"גרמא, גרמי, נזיקין",
אבי פ.,"שו""ת באר משה (שטרן) חלק ד סימן יב",מי שמתפלל תפילת שמנה עשרה אם השליח ציבור אם יצא הדין של תפילה בציבור?,אורח חיים,NA,2,עשה,1,NA,2,NA,1,למקום,2,בדיעבד,2,יצא,מביא כמה שיטות שסבר שנחשב תפילה בציבור אבל יש אומרים שאינו תפילה בציבור,"תפילה, חזרת שליח ציבור",
אבי פ.,"שו""ת דברי חיים אבן העזר חלק א סימן יד",אשה שראה בעלה שוכבת אם איש אחר ומיחה ואחר כך שמע עוד פעם שהיא עושה עמו דברים אבל לא ראה ביאה והיא והוא אומרים שלא בעלו אם היא מותרת לבעלה?,אבן העזר,אסור,2,לא תעשה,2,NA,2,איסור,2,למקום,1,בדיעבד,2,NA,חייב לגרשה משום שהיא פרוצה ועוד נחשב כמו קינוי וסתירה ,"עריות, בעל ואשה, איסורי קידושין ונישואין ",
CJ,"שו""ת אגרות משה יורה דעה חלק ב סימן עז",במקום שיש אחרים רואין אם יש דיני הרחקות באשתו נדה ,יורה דעה,אסור,1,לא תעשה,2,N/A,,איסור ,2,בין אדם למקום,2,N/A,,N/A,"אסור אף כשאוכלין על שלחן אחד עם כל הבני בית. אף שיש שמקילין כמהריק""ש דיו שיקלו על שלחן אחד ולא מקערה אחת","כבוד הבריות, נדה",
CJ,"שו""ת מנחת יצחק חלק א סימן כד","מתפללים שני פעמים מנחה וקבלת שבת בכל ערב שבת קודש שבימי הקיץ, וביותר בימי הספירה, הא' מקבלים שבת ומעריב תיכף אחרי פלג המנחה והם רוב הצבור, והב' המדקדקים ביותר שרצונם להתפלל מעריב בזמנה וביותר לספור ספה""ע בזמנו, המה מאחרים ועושים מנין באותו ביהכ""נ בעצמה בתפילת מנחה וקבלת שבת סמוך לחשכה, ומעריב וספה""ע בזמנם, ובזה השאלה אם מותרים השניים בעשיית מלאכה בביתם אחרי שהראשונים קבלו שבת ועדיין היום גדול. ",אורח חיים,מותר,1,לא תעשה,2,N/A,,איסור ,2,בין אדם למקום,2,לכתחילה,,N/A,בודאי יש לצדד ולהקל בשבותים לצורך הכנה לשבת דהוי במקום מצוה,"יום, בין השמשות, פלג המנחה",
CJ,"שו""ת אגרות משה אבן העזר חלק א סימן יב","אחד שנולד בביצה אחת במקומה וביצה השניה אומרים הרופאים שהיא בתוך הגוף ואומרים שצריך לעשות לו ניתוח וברוב הפעמים נעשה ע""י זה שבאה הביצה במקומה אבל לפעמים א""א שתבוא למקומה ויצטרכו לחותכה לגמרי מהגוף, אם רשאים לעשות הניתוח מצד איסור סירוס, ואם כשלא תבוא למקומה ויחתכו אותה מהגוף אם יהיה רשאי לישא ישראלית.",אבן העזר,מותר,2,לא תעשה,2,N/A,,איסור ,2,בין אדם למקום,2,לכתחילה,,N/A,"
אינו מוליד בלא יכולה לבא למקומה והוא כבשר בעלמא ואין בזה איסור סירוס ולא איסור פצוע דכא מלבא בקהל כשיצטרכו לחתוך אותה לגמרי מן הגוף. ובעובדא דידן שהוא רק בביצה אחת הא יש הרבה שמתירין בכל אופן ויש לצרף גם שיטתם. ","בכור בהמה, מום",
CJ,"שו""ת שיח יצחק סימן קכט","(1) לא אוכל סעודת קבע בעש""ק, אם נהג כן גם בר""ח שחל בעש""ק (2)
אין קובעים ישיבה בע""ש, אבל מגמרא ערוכה יומא ל""ה ע""ב גבי הילל, שאמרו בגמרא שם, אותו היום ערב שבת היה, הלך וישב לו עפ""י ארובה לשמוע דברי אלוקים חיים מפי שמעיה ואבטליון, הרי דקבעו ישיבה גם בע""ש.",אורח חיים,אסור,0,עשה,1,חייב,1,איסור ,2,בין אדם למקום,2,N/A,,N/A,"(1) 
מסתברא שאוכל סעודת ר""ח (2)
לא קבעו ישיבה בע""ש","ראש חודש, סעודת ראש חודש, קביעת ישיבה בערב שבת",
CJ,"שו""ת הר צבי ט""ל הרים - מוחק סימן ב","(1) מוחק שלא ע""מ לכתוב דאסור מדרבנן מ""מ עושה מקום לכתוב בעינן? (2) 
סותר שלא ע""מ לבנות שאסור מדרבנן אפילו כשאינו עושה מקום לבנות?",אורח חיים,אסור,2,לא תעשה,2,N/A,,איסור ,2,בין אדם למקום,2,N/A,,N/A,"(1)
בנשבר ואין מקום לכתוב אסור עכ""פ מדרבנן (2) 
יש איסור בסתירה אפילו כשאינו עושה מקום לבנות","מוחק, סותר",
CJ,"שו""ת משנה הלכות חלק ד סימן רמ","בסופר שנתנו לו תפילין או מזוזה לבדוק ומצא בהם דברים צריכים תיקון ובשעת תיקונו של הסופר אירע לו מקרה בלתי טהורה שנפלה טיפת דיו על איזה אות ונתקלקלה צורתו באופן שא""א לתקן עוד ונפסלו התפילין או המזוזות והבעלים תובעים מהסופר שישלם מה שקלקל אי יש על הסופר חיוב לשלם ההיזק שנגרם על ידו",חושן משפט,N/A,,עשה,2,חייב,2,ממון,2,בין אדם לחבירו,2,N/A,,N/A,"לעולם הו""ל לאסוקי אדעתיה וחייב",אומן שהזיק,
CJ,"שו""ת יביע אומר חלק ד - אורח חיים סימן לו",האם פתיחת הברז שבצינור ההסקה בכדי לחמם הדירה אסור בשבת?,אורח חיים,אסור,1,לא תעשה,2,חייב,2,איסור ,2,בין אדם למקום,2,N/A,,N/A,"כשהמכונה של ההסקה פועלת בלי משאבה יש מקום לצדד להקל לפתוח הברז כשהקור גדול ולא סגי בלאו הכי. אבל כשהמכונה פועלת ע""י משאבה נכון להחמיר, (אא""כ יתברר שגם בזה אין המים שברדיאטור זורמים מיד עם פתיחת הברז אל מיכל ההסקה.) ומיהו ע""י גוי בודאי שיש להתיר.",כלי ראשון,
CJ,"שו""ת ציץ אליעזר חלק טו סימן לב","הכזית פת שמחויבין לאכול בליל א' של סוכות חייבים לאכול פת בפ""ע בלי שום עירוב דבר אחר?",אורח חיים,N/A,,עשה,2,חייב,1,איסור ,2,בין אדם למקום,2,לכתחילה,,לא יצא (אם אכל פת עם עירוב דבר אחר לדברי גדולי הפוסקים),"יש ליזהר עכ""פ לכתחילה לאכול הכזית פת בליל חג הסוכות בלי שום עירוב דבר אחר, ולחוש לדברי גדולי הפוסקים (שגם הרמ""א בתוכם) דס""ל שאחרת לא יוצאים ידי חובה. ",סוכה,
אבי פ.,"שו""ת יביע אומר חלק י - יורה דעה סימן ט",אם יכול לאכול עוגיות שנאפו עם ביצים שנשארים אחר לילה ואין לחשוש משום רוח רע?,יורה דעה,מותר,2,לא תעשה,2,NA,2,איסור,2,למקום,2,בדיעבד,2,NA,יכול לסמוך על השיטות שאין רוח רע בזמן הזה וגם במקום שיש תערובת יש עוד צד להקל,איסורי אכילה,
אבי פ.,"שו""ת מהר""ם אלשקר סימן יג",אחד שהיה לו מעות של חבירו בשביל עסק ומת בעל הממון ובא היורשים אם השטר שעשה אביהם לתבוע הממון אם נאמן בעל העסק לומר שפרע הממון למת?,חושן משפט,NA,2,עשה,1,פטור,2,ממון,2,לחבירו,2,NA,2,NA,נאמן לומר פרעתי אם שבועה ואינו חייב לשלם,"פקדון, ירושה, הלוואה (חוב), שבועה, ",
אבי פ.,"שו""ת מלבושי יום טוב חלק ב אבן העזר סימן ד",שאילה בעגונה שבעלה אבדה במים והיה שאילה אם יכול להתירה לינשא לאחר אם אמרינן שהוא מת?,אבן העזר,מותר,2,לא תעשה,2,NA,2,איסור,2,למקום,2,לכתחילה,2,NA,מותר מכמה טעמים,עגונה,
אבי פ.,"שו""ת עמק הלכה חלק א סימן א",מקוה שבא המים מצינור האם נחשב המים שאובים ופוסלים את המקוה?,יורה דעה,מותר (כשר),1,NA,2,NA,2,איסור,2,למקום,2,לכתחילה,2,יצא,המקוה כשירה,מקוה,
אבי פ.,"שו""ת צמח צדק (לובאוויטש) יורה דעה - ספק למי סימן י","המלוה לחבירו אסיגנצע""ש ע""מ לשלם אח""כ רו""כ במקח ד' רובל, ואם הי' שולח להחליף בשוק הי' נותן יותר מד' רובל אם זה אסור משום ריבית?",יורה דעה,אסור,1,לא תעשה,2,NA,2,איסור,2,למקום,2,בדיעבד,1,NA,"אם השער קצוב פשוט שהוא ריבית קצוצה ואסורה. ואם לא קצוב צ""ע. ",ריבית,
אבי פ.,"שו""ת שבות יעקב חלק ב סימן ה",אם יכול לשתות קפה וטע בפסח ואיזה ברכה מברכים עליהם?,אורח חיים,"קפה - מותר, טה - אסור",2,לא תעשה,2,NA,2,איסור,2,למקום,2,לכתחילה,1,NA,מברכים שהכל וקפה מותרת שאינו נחשב קיטניות. וטע יש להחמיר דיש חשש שמא שימשו אותו בחמץ קודם פסח. ,"חמץ, פסח, ברכות",
אבי פ.,תשובות והנהגות כרך ב סימן יח,אם מברך בבוקר על תפילין של ראש ברכה בפני עצמו אם לא הפסיק או לא?,אורח חיים,NA,2,עשה,2,NA,2,איסור,1,למקום,2,לכתחילה,2,NA,"אין לערער על המנהג של רמ""א שמברך על תפילין של ראש","ברכות, תפילין",
אבי פ.,"שו""ת עשה לך רב חלק ג סימן כ",האם ספרדי יכול לשחוט תרנגול בשביל כפרות שלא כפסק של המחבר?,אורח חיים,אסור,1,עשה,1,NA,2,איסור,2,למקום,2,לכתחילה,1,NA,ראוי לבטל המנהג מכמה טעמים,"מנהג, יום הכיפורים",
אבי פ.,"שו""ת משנה הלכות חלק ו סימן לח","איזה ברכה מברכים על ""טשאקלד""",אורח חיים,NA,2,עשה,2,NA,2,איסור,1,למקום,2,לכתחילה,1,NA,מברך שהכל כמנהג העולם ולא העץ או האדמה,ברכות,
אבי פ.,"שו""ת מהר""ם אלשיך סימן כט",שכנים שיש כותל ביניהם שחלק התחתון של הכותל הוא של ראובן וחלק העליון הוא של שמעון אם יכול שמעון לבנות עליה על גבי הכותל?,חושן משפט,NA,2,לא תעשה,1,NA,2,ממון,2,לחבירו,2,NA,2,NA,הכל כמנהג המדינה במצב שדומה לזה,שותפות,
אבי פ.,"שו""ת יוסף אומץ סימן יג","בן ארץ ישראל שהוא בחוץ לארץ וביום שני של יום טוב שהוא חול המועד לגביו כפהו להתפלל מוסף לפני התיבה ואמר בחזרת הש""ץ ""את יום טוב מקרא קודש הזה"" מה הדין?",אורח חיים,מותר,1,עשה,1,NA,2,איסור,1,למקום,2,לכתחילה,1,יצא,"יכול הבן א""י לומר יום מקרא קודש כיון שחול המועד נקרא יום טוב","חול המועד, החזרת שליח הציבור, יום טוב",
אבי פ.,"שו""ת הגם שאול חלק א סימן יד","אשה שאמרה שבעלה אינו נותן לה מזונות ואמרה שאו שיתן לה מזונות או יגרשנה והוא אומר שאין בידו לזונה כיון שאינו עושה מלאכה והיא עושה שיש לה לזון על ידי עצמה, מה הדין?",אבן העזר,NA,2,עשה,2,חייב,2,ממון,2,לחבירו,2,בדיעבד,1,NA,"חייב הבעל ליתן לאשתו מזונות ואם לאו יכולה לטעון שחייב לגרשה. ואם מעשה ידיה סגי לזון עצמה, יכול לומר שתיזון ממעשה ידים שלהץ","בעל ואשה, מזונות",
אבי פ.,"שו""ת בעי חיי חושן משפט חלק א סימן מז",מוכר (לוי) טוען שמכר דבר אחד לשלשה בני אדם ושהתנה שכולם ערבים בשביל חבריהם ושהוא יכול לקבל ממון מכל אחד מהם ואחד מהלקוחות (שמעון) כופר ואומר שלא היה כזה תנאי אלא שמכר לכולם סתם. ואחר זמן המוכר רוצה ליפרע משמעון מפני ששני האחרים אין להם ממון כלל האם חייב שמעון לשלם הכל?,חושן משפט,NA,2,עשה,1,חייב,2,ממון,2,לחבירו,2,בדיעבד,1,NA,"חייב שמעון לשלם לכו""ע כיון שאין לשני האחרים כדי לשלם","ערב, הלוואה (חוב)",
אבי פ.,"שו""ת אמונת שמואל סימן יז",אם יכול לעשות דבר קטן בערכאות של גוים כדי שימנע יורש שהוא ממור מלירש?,חושן משפט,מותר,2,לא תעשה,2,NA,2,איסור,2,למקום,2,לכתחילה,2,NA,יש לעשות דבר זה למנוע הרשע המומר לזכות בירושה,"מומר, ערכאות של גויים, ירושה",
אבי פ.,"שו""ת בית שלמה חלק אורח חיים סימן כט",אם שרי לשנות מקום ארון הקודש מצד דרום שנקבע שם בטעות לצד מזרח כדינו ,אורח חיים,מותר,2,לא תעשה,2,NA,1,איסור,2,למקום,2,בדיעבד,1,NA,יש לשנות מדרום למקום הראוי במזרח,"בית הכנסת, מעלין בקודש ואין מורידין",
אבי פ.,"שו""ת זכרון משה סימן יז","אם מותר למכור הני כתרים ותפוחים של כסף מהספר תורה כשנשברו להגיה ממנו ס""ת ",אורח חיים,מותר,2,לא תעשה,1,NA,2,איסור,2,למקום,2,לכתחילה,1,NA,יש מחלוקת בזה ולמעשה מותר,"ספר תורה, תשמישי קדושה",
אבי פ.,"שו""ת חשב האפוד חלק ג סימן מב",אם מותר לשנות מקצת חדר של עזרת נשים לחדר שמשמשין בו נשים לתפור תשמישי קדושה,אורח חיים,מותר,2,לא תעשה,2,NA,2,איסור,2,למקום,2,בדיעבד,2,NA,אין לעשות זה לכתחילה אבל לאחר שכבר עשו אינו צריך להחריבו שיש מקום להתיר,"בית הכנסת, תשמישי קדושה",
אבי פ.,"שו""ת שיבת ציון סימן ח",אם יכול למנות בית דירה שבתוך בית ששומרים שם סוסים כבית וכחלק של עיר למנות התחום מחוצה לה,אורח חיים,מותר,1,לא תעשה,ו,NA,2,איסור,2,למקום,2,לכתחילה,2,NA,נחשב כבית וכחלק של העיר,"עירוב תחומין, שבת",
אבי פ.,"שו""ת חדושי הרי""מ חלק אבן העזר סימן כא",קטנה שנישאת שלא על ידי אמה או אחיה וכשבאה לבית דין לא מיאנה בקידושין רק אמרה שהיתה הטבעת שלה אם נחשב כמיאון,אבן העזר,מותר,1,לא תעשה,1,פטור,1,איסור,2,למקום,1,בדיעבד,1,יצא,נחשב מיאון ואינו צריך גט להתירה ,"מיאון, קטן, קידושין ונישואין",
אבי פ.,"שו""ת יחל ישראל סימן יט",האם מותר לשלוח פקס ממקום שעוד לא קדש בו היום למקום בו נכנסה השבת. ,אורח חיים,מותר,2,לא תעשה,2,NA,2,איסור,2,למקום,2,לכתחילה,2,NA,מותר ,"שבת, חשמל בשבת, מלאכה בשבת",
אבי פ.,"שו""ת מהר""י לבית לוי כלל רביעי - סימן כא","בחור אחד קידש אשה אחת בפני שני עדים כשרים ועשו שטר שדוכין כהוגן וכשורה, והיה הדבר כמוס ביניהם וחתום בקרבם קרוב ח' שנים, אחר כך הודיע הבחור לאביו הדבר הזה, וחרה לו מאד ועמד וצווח שאין דעתו נוחה בשום צד כלל שבנו ישא אותה להרבה סיבות. ונפל הפרש בינינו אם הבחור הזה יכול לישא אשה אחרת בעבור תקנת רבינו גרשום ",אבן העזר,מותר,1,לא תעשה,2,NA,2,איסור,2,לחבירו,1,בדיעבד,1,NA,לא שייך תקנת רבינו גרשום ואם רוצה לישא אחרת כדעת אביו יכול לגרשה ולישא אחרת ואם רוצה לישא ארוסותו אין מצוה לשמוע לאביו ,"קידושין ונישואין, כיבוד אב ואם, גירושין",
אבי פ.,"שו""ת מר ואהלות חלק אורח חיים סימן ג",אם הכרפס בעי היסיבה ,אורח חיים,מותר,0,עשה,1,חייב,1,איסור,1,למקום,2,לכתחילה,1,לא יצא,כיון שיש מחלוקת אם צריך הסיבה ואם לא היסב וצריך הסיבה לא יצא אם כאן צריך להסב,סדר פסח,
אבי פ.,"שו""ת ראנ""ח סימן מג","ראובן הוציא שטר חוב על שמעון שהיה חייב לאביו סך מעות והוא מקויים כהלכה אלא שנמצא כתוב בו שמעון בן פלוני ז""ל והוא היה חי באותו זמן בעיר אחרת וזה נתברר באמתות אם השטר כשר או פסול?",חושן משפט,NA,1,NA,2,חייב,1,ממון,2,לחבירו,2,בדיעבד,1,NA,אין לפסול השטר משום כמה טעמים,שטרות,
אבי פ.,"שו""ת תורת משה חלק חושן משפט סימן טז","הבא לפתוח חלונות על חצר חבירו ומזיקו בהיזק ראיה, ועושה לפני החלונות מחיצה של קרשים אם די בזה, או דילמא מצי המערער לומר לא ניחא לי, דלמחר יפול המחיצה ואצטרך למיזל בהדך בתר דינא ודיינא כל יומא ויומא. ",חושן משפט,אסור,1,NA,1,פטור,1,ממון,2,לחבירו,2,לכתחילה,1,NA,"אם כבר עשה החלון אזי אין טענת המערער כלום, אבל אסור לפתוח חלון מחדש להזיקו אם אומר סתם שיניח מחיצה של קרשים.",נזקי שכנים,
אבי פ.,"שו""ת מגדנות אליהו חלק ג סימן לט","אם מותר למגיס וכסות קדירה שנתבשלה כל צרכה ע""ג האש בשבת?",אורח חיים,אסור,2,לא תעשה,2,NA,2,איסור,2,למקום,2,לכתחילה,1,NA,אסור לעשות מגיס ואפי' רק לכסות הקדירה כשהוא על גבי האש,מלאכה בשבת,
אבי פ.,"שו""ת חוות יאיר סימן ס",אב שנשבע לבחור אחד שיתן בתו החולה לו בנישואין אם הוא ישרתנה והיא תחיה מחוליה ואחר כך רוצה לחזור ולטעון שאינו שבועה כיון שהיה נאנס מחמת חולי בתו אם חייב לקיים שבועתו?,יורה דעה\אבן העזר,אסור,1,לא תעשה,1,חייב,1,איסור,1,למקום,1,בדיעבד,1,NA,אינו נחשב שבועה באונס וצריך לקיים שבועתו לכל הפחות ליתן בתו לו. ולגבי הנדוניא תלוי בכוונתו בשבועתו. ,"שבועה, אונס, קידושין ונישואין",
אבי פ.,"שו""ת הרמב""ן סימן לז",עוד שאלת במלוה שבא לטרוף מן הלקוחות בשטר שאין בו דאקנה. ואמרו לקוחות לוה וקנה הוה ולא משתעבד ומלוה אומר קנה ולוה הוה למי הן שומעין? ואם מלוה אומר בריא ולקוחות שמא על מי להביא ראיה? ,חושן משפט,NA,2,NA,0,NA,0,ממון,2,לחבירו,2,NA,1,NA,"אם יש עדים רק שהקרקע היתה של הלוה, על הלקוחות להביא ראיה שלקחם קודם השעבוד. אבל אם יש עדים שמכרו הלוה, אז הטורף צריך להביא ראיה שקנאם לאחר השעיבוד ואפילו אם הוא טוען טענת בריא. ","הלוואה (חוב), ראיות",
אבי פ.,"שו""ת הרא""ש כלל מג סימן טו",מורדת שהכניסה מלבושים לבושים עליה לבעלה ועתה בעת מרידתה בלו קצת ועדיין ראויין ללבישתה אם יוטל על הבעל לשלם דמי פחיתותם. ,אבן העזר,NA,2,עשה,0,פטור,2,ממון,2,לחבירו,2,NA,2,NA,"הולכים אחר המנהג וכיון שנהגו שלא לשלם כשעדיין ראויין למלאכתן, אינו צריך לשלם","בעל ואשה, מנהג",
אבי פ.,"שו""ת גינת ורדים חלק אורח חיים כלל ד סימן יד",אם בחורים מחוץ לארץ עולים לארץ לרגל ודעתם לחזור אם צריך לנהוג ב ימים של יום טוב?,אורח חיים,אסור,1,לא תעשה,1,חייב,1,איסור,2,למקום,2,בדיעבד,1,NA,"הכל תלוי באם דעתו לחזור ואין חילוק בין בחור לנשוי וכיון שדעתו לחזור חייב לנהוג ב' ימים של יו""ט.",יום טוב שני של גלויות,
אבי פ.,"שו""ת וישב הים חלק ב סימן טז",האם מותר לבקש ולקבל צדקה מגוים לעניי ישראל או לבנין בית - כנסת ולתמיכת ישיבה ,יורה דעה,מותר,2,לא תעשה,1,NA,1,איסור,2,למקום,1,בדיעבד,2,NA,מותר לקבל צדקה מגוי מעיקר הדין אבל עדיף שלא לעשותו בתורת צדקה ,"צדקה, גבאי צדקה, גוי",
CJ,"שו""ת משנה הלכות חלק ט סימן שנה","אי ב""נ נהרג ע""פ עצמו",חושן משפט,N/A,,לא תעשה,2,חייב,2,איסור ,2,בין אדם לחבירו,0,N/A,,N/A,"ב""נ נהרג ע""פ עצמו","דיני נפשות, בן נח",
CJ,"שו""ת אגרות משה אורח חיים חלק ה סימן לז",תושבי ירושלים צריכין לקרוע כשבאין למקום שרואין המקדש?,אורח חיים,N/A,,עשה,1,חייב,2,איסור ,2,בין אדם למקום,2,לכתחילה,2,N/A,"פשוט שצריך לקרוע אף אלו הדרים בירושלים אחרי שעברו עליו שלשים יום שלא ראה מקדש,","קריעה, ראיית מקום המקדש",
Julie,"שו""ת ר' יעקב ריישר סימן טו",שלח לחבירו ממון ונגנב - [בענין שליח להוליך מעות ויקבל שכר מהמקבל ונגנב קודם המסירה ועכשיו טוען השליח שלא התכוון לקבל שכר ולכן הוא שומר חנם] ,הושן משפט,N/A,,N/A,,חייב,2,ממון,2,בין אדם לחבירו,2,N/A,,N/A,חייב בגניבה כנגד דיני שומר שכר,גניבה,
Julie,"שו""ת רש""י סימן נד","ריאה שהיא עטופה כולה, וקורין אותה פולמנ""ארא ועולה בנפיחה ואין רוח יוצא הימנה אבל היא גדולה כמו נפוחה מאיליה, ויש בה מקומות קשין במשוש ונוקבין שם, ואינה מבצבצת ואין שם מוגלא ואף אינה יבשה באותו מקום.  ",יורה דעה,אסור,1,לא תעשה,2,N/A,,איסור,2,בין אדם למקום,2,לכתחילה,2,N/A,"הריאה כשנוקבי' אותה ואינה מבצבצת טרפה דאמ' אטום בריאה אי (מבצבץ) מבצבץ כשרה, ואי לא טרפהא ואותה שקורין פולמנ""ארא, היא ריאה שהיא נפוחה מאליה ודבוקה בדופן כלה או מקצתה וכשמפרקי' אותה היא מרוקבת כל סביבה וכשנוטלין אותו רקבובית מעל גבה היא יפה ושלמה מכל נקב, היא כשרהב ",טריפה,
Julie,"שו""ת הרד""ך בית ל",אם חייבים לומר קדיש על מיתו של יהודי שהמר את עצמו מדת ישראל לדת עובדי הבעל מחמת גזירת המלכות,אורח חיים?,מותר,1,עשה,2,N/A,,איסור,2,בין אדם לחבירו\למקום,1,NA,,NA,,,
Avi S," שו""ת מנחת שלמה תניינא (ב - ג) סימן צד","אם איסור להרבות בדברים הוא דוקא תוך ז', או שהאיסור הוא גם בתוך ל' יום",יורה דעה,N/A,,N/A,,N/A,,איסור,2,בין אדם למקום,2,N/A,,N/A,"מפורש כתב הלבוש שם סעי' א' ""ובתוך שבעה שאמרנו שאסור בשאילת שלו' כש""כ שאסור להרבות דברים עם הבריות"", גם הב""י ריש סי' שצ""א סובר כן להדיא...[וגם] צריכים לומר שהרמב""ם מיירי הכא דוקא בתוך שבעה",אבלות,
Avi S,"שו""ת ציץ אליעזר חלק ה - רמת רחל סימן לג ",אם בירך ברוך דיין האמת קודם הקריעה או אם הקריעה לא היתה בסדר האם צריך לחזור ולברך שוב בשעת הקריעה,יורה דעה,N/A,,N/A,,N/A,,איסור,2,בין אדם למקום,2,N/A,,N/A,אינו צריך,אבלות,
Julie,"שו""ת הרי""ף סימן עב",מה לעשות עם לסטים לוקחים כל הממון מן שותף בשתופות. ???,חושן משפט,NA,,NA,,חייב,1,ממון,2,בין אדם לחבירו,2,NA,,NA,לא פטור?,"שבועה, שותפות",
Julie,"פסקי דין רבניים מתוך המאגר המקוון פס""ד עח","אם בעל שלא נתן לאשתו גט אחרי הב׳׳ד חייב אותו לתת, אם האשה לא נותנת לא ממונו?",אבן העזר,NA,,NA,,פטור?,1,איסור,1,בין אדם למקום,2,NA,,NA,לא צריך לתת לה גש אם היא לא נותנת לו את ממונו,"כתובה, גירושין",
Julie,"שו""ת בנין ציון סימן כב",בנתגיירה מעוברת וילדה בן בשבת אם דיינינן לי' כישראל ומותר למוהלו בשבת או כגר שאין מילתו דוחה שבת,יורה דעה,מותר,1,"עשה/לא תעשה (מילה, מלאכה בשבת)",1,NA,,איסור,2,בין אדם למקום,2,לכתחילה,2,NA,נראה שהלכה כן שאין מילת בן שנולד ממעוברת שנתגיירה דוחה שבת,"ברית מילה, גרות",
Julie,"שו""ת ב""ח החדשות סימן ח","תינוק שמת תוך ל' בי""ט ראשון של גליות וגמרו שערו וצפרניו מי שרי לקברו כמת גדול או צריך להשהותו עד למחר:  ",יורה דעה,מותר?,0,עשה,2,NA,,איסור,2,בין אדם לחבירו\למקום,1,,,NA,"אין להקל לקברו ע""י ישראל ביו""ט א' אלא משהין אותו עד למחר הנלע""ד כתבתי בקיצור הק' והצעיר יואל בן לא""א מוהר""ר שמואל זלה""ה, אסרו חג פסח שפ""ח: ",קבורה,
Julie,"שו""ת גבורת אנשים סימן א",אם טוענת אין לו גבורת אנשים לבא עליה ושואלת גט והוא מכחישה,אבן העזר,NA,,NA,,NA,,איסור,,בין אדם לחבירו,2,,,NA,"א שהיא נאמנת (ואפילו לא שהתה עשר שנים) וכופין אותו להוציא מיד ולא יתן כתובה. ואם מגרשה מעצמה בלא כפיה יתן לה כתובה. (ויא דאע""פ שיכול לבעול אחרת צריך ליתן לזאת הכתובה הואיל שלא יכול לבוא עליה יכולה לומר מסרתי עצמי לך ומה אעשה לך יותר). במה דברים אמורים בשאינה תובעת כתובתה אבל אם תובעת כתובתה אינה נאמנת ואף להוציא אין כופין.","כתובה, גירושין",
Julie,"שו""ת יחוה דעת חלק ג סימן עא","הנוסע באוטובוס צבורי, ובאחת התחנות נכנס זקן או תלמיד חכם לאוטובוס, והגיע סמוך אליו, והוצרך לקום מפניו, כמצות התורה: מפני שיבה תקום והדרת פני זקן, האם רשאי לחזור ולשבת מיד, אף על פי שאין מקום לזקן או לחכם לשבת, או שחייב מן הדין לתת מקומו לזקן או לחכם, כדי שלא יהיה הוא יושב והם עומדים?  ",יורה דעה,NA,,עשה,2,חייב,1,איסור,2,בין אדם לחבירו,2,לכתחילה,1,NA,"בכלל, חייב לקום לפני זקן או תלמיד חכם ולתת לו את המקום שלך אם אין מקום אחר.",כבוד תלמיד חכם וזקן,
Julie,"שו""ת שיבת ציון סימן ח","בעיר אשר מחוצה לה יש הרבה בתים סמוכים זה לזה בתוך שבעים אמה ושני שלישים ובסוף הבתים האלה יש ארוות סוסים מקום שמגדלים בו סוסים (שקורין שטוטרייא) ובתוכו בית דירה לשומרים אם חשיב ג""כ לבית דירה להכניס הבנין הזה לתוך העיר ולמדוד התחום מסוף הארוות סוסים הלזה.",חושן משפט?,NA,,NA,,NA,,ממון,0,NA,,NA,,NA,"דאם יש שם בית דירה גם ארוות סוסים מצטרף להעיר אם הוא בתוך שבעים אמה ושיריים ואם אין בה בית דירה אינו מצטרף אל העיר. ומפני הטרדות העמוסות עלי יספוק /יספיק/ הקיצור: הק' שמואל סג""ל לנדא. ",ערוב תחומין?,
Julie,ספר חזה התנופה סימן סא,"אם מותר למי שיש לו ב' בתים מב' צידי ר""ה ומתחת א' הוא מרתף או אצטבה וכותליו הם של איש אחר ורוצה בעל ב' הבתים לבנות גשר מבית לבית וסותר הכותל ופותח פתח ומוציא מן הכותל אבנים ועפר כשיעור גובה השער ורוחבו ומניח ראשי קורותיו על פתיחת כותל בית זה מצד אחד וראשיהן הב' על פתיחת כותל בית זה הב'",חושן משפט?,מותר?,0,NA,,NA,,ממון,1,בין אדם לחבירו,1,NA,,NA,ואם בעל המרתף או אצט' בא לומר שאינו רוצה שיונחו ראשי הקורות ההם בפתיחת הכותל ההיא לפי שהוא מרתף או אצט' שלו רואין אם יש בכובד ראשי הקורות ההם והנמשך אחריהם נותר מכובד אבנים ועפר המוציאין מן הכותל הדין עם בעל המרתף או האצטב' ואם יש בעפר או באבנים המוציאים כשיעור כובד הקורות והנמשך אחריהם או יותר אז אין כח לבעל המרתף או האצטב' לעכב לבעל הגשר לבנות בנינו כי מה שמכביד בהנחת הקורות על הכותל מקל בהסרת האבנים והעפר שלו מן הכותל שהוא על האצטבא. סברא: ,?,
Julie,"שו""ת עשה לך רב חלק ד סימן יח","האם עדיף שאבות מחנכים בניהם בתפילה חוץ מבית הכנסת כדי שילדים לא יפרעו למתפללים בשעת תפילה? (ב) והאם עדיין רצוי לנסות למנוע מבוגרים שמדברים בזמן התפילה, ואיך?",אורך חיים,"אסור (ב), מותר (א)?",1,(ב) לא תעשה,1,חייב (א),1,איסור,2,בין אדם לחבירו\למקום,1,לכתחילה,2,NA,כדאי למנוע במבוגרים מדיבור בבית הכנסת. הורים צריכים להביא את ילדיהם לבית הכנסת לחיניך אבל צריכים להיות דוגמאות של שקט בזמן התפילה.,תפילה,
Julie,"שו""ת מהר""י מינץ סימן א","מה לעשות ליתומים קטנים שנתמנו אפטרופסין עליהן ויש ליתומים קרובים עניים והוי להם לאותם קרובים קצבה ידועה מדי שנה בשנה מאבי היתומים ז""ל ושאלו האפטרופסין אם רשאין ליתן מנכסי היתומים כפי ערכם כדי למלאת הקצבה לקרוביהם העניים אותה הקצבה שהיתה להם בימי אביהם ז""ל.",חושן משפט,מותר,1,NA,,NA,, ממון,2,בין אדם לחבירו,2,לכתחילה,2,NA,נראה לי שיש כח ורשות להאפטרופסין למלאות מנכסי היתומים,אפוטרופוס,
Julie,"שו""ת חיים ביד סימן י","לענין הכלים אם צריכים הכשר או לא כיון שהעירוי היה מכלי ראשון שאחר שהעברוהו מהאש והביאו לקדרה בשלחן שהיא הרבה עד שאין היד סולדת ועירו בכף לקערה אם יש מקום לאסור הקערות או סגי בשיהוי כ""ד שעות מעל""ע =מעת לעת= על הכל יורינו המורה ושכמ""ה.  ",יורה דעה,NA,,לא תעשה?,0,חייב\פטור,1,איסור,2,בין אדם למקום,2,בדיעבד,2,NA,"וכאן בנ""ד נראה לו' כי כלי מתכות כגון קדירות וקערות של נחשת וברזל וכפות ומזלגות יעשה בהם העגלה וכלים של קערות שהם בלא""ה כלי שני יש להקל בהם אחר שהיה כ""ד שעות מעת לעת","שוחט, טריפה",
Julie,"שו""ת חוות יאיר סימן כב","אשים ידי שנית מה שנתקשתי ונפלתי בסבך הקרדומות בטח""מ",חושן משפט,,0,,0,,0,איסור,1,בין אדם לחבירו,1,,0,,"אשים ידי שנית מה שנתקשתי ונפלתי בסבך הקרדומות בטח""מ הנ""ל סי' י""ז דפסק הרא""ש ורוב הפוסקים דעדים לכתחלה בעמידה והסמ""ע פי' דפסוק ועמדו שני אנשים הוא אסמכתא בעלמא ובתוס' יבמות דף ק""ג ע""א בד""ה בין עומד וכו' עד ומיהו עיכובא ליכא מדלא כתוב ויעמוד ויאמר אבל ועמדו שני אנשים וכו' דמשמע דוקא גבי חליצה ועמד ואמר לכתחלה ולא בדעבד אבל לא גבי עדות ועיקר קושיותי על הרא""ש שפי' בפשיטות תירוץ זה של תוס' ובפרק שבועות העדות פסק גבי עדות דבדעבד כשר. וע""ק לי מה שמביא ב""י בשם רשב""א ראי' מירושלמי פ' מי שאחזו אמר ר""ל זאת אומרת מעידין מיושב וימחול על כבודו הרב יעיין נא בירושלמי כי איני מבין דבריו כלל לפי' הב""י דמאי ענין ישיבה להתם דהתם קאי אנשתתק אי הוא מיושב בדעתו או לא. וע""ק דפירשו הרא""ש והר""ן הא דזבחים דפ""ב מה ליושב שכן פסול לעדות היינו לכתחילה וקשה א""כ ל""ל למיפרך מיושב ת""ח דעדיפא הל""ל מיני' ובי' מיושב בדיעבד דהא גבי עבודה יושב פסול אפי' בדיעבד כדאיתא התם בגמ' בדף כ""ג ע""ב. בקשתי לחוות דעתו הרמה הנצבה וגם קמה: ",עדות,
Julie,"שו""ת האדמו""ר הזקן סימן כ","אם יש לנהוג איסור חדש ביי""ש",יורה דעה,מותר,2,לא תעשה,1,NA,2,איסור,2,בין אדם למקום,2,לכתחילה,2,NA,כי יש להתירו מטעם תערובות.,חמץ,
Julie,"שו""ת פעולת צדיק חלק ג סימן יא",מעשה על כרס שבא לפנינו ומחט תחוב בו אבל אינו נר' מבפנים כלל,יורה דעה,,,,,,,,,,,,,,,טריפה,
CJ,"שו""ת יחוה דעת חלק ג סימן עא","הנוסע באוטובוס צבורי, ובאחת התחנות נכנס זקן או תלמיד חכם לאוטובוס, והגיע סמוך אליו, והוצרך לקום מפניו, כמצות התורה: מפני שיבה תקום והדרת פני זקן, האם רשאי לחזור ולשבת מיד, אף על פי שאין מקום לזקן או לחכם לשבת, או שחייב מן הדין לתת מקומו לזקן או לחכם, כדי שלא יהיה הוא יושב והם עומדים?",יורה דעה,N/A,,עשה,2,חייב,1,איסור,2,בין אדם לחבירו,2,N/A,,N/A,"אם הוא בתוך ארבע אמותיו, ואין לו מקום אחר לשבת, צריך לתת לו את מקומו לשבת.",,
CJ,"שו""ת חשב האפוד חלק ג סימן מב","היתה עזרת הנשים גדולה יותר מדי, והוציאו חלק מעזרת הנשים על ידי שבנו שם כותל ונעשה חדר קטן בסוף העזרה, והחדר הזה משמש לשבת שם נשים לעסוק בתפירת תשמישי קדושה כגון מעילי ספר תורה ופרוכת וכדומה, האם שפיר עבדו.",אורח חיים,מותר,1,לא תעשה,1,פטור,0,איסור,2,בין אדם למקום,2,בדיעבד,1,N/A,אין נראה לשנות הדבר אחרי שכבר נעשה.,,
CJ,"שו""ת משנה הלכות חלק ו סימן קנ",אי יש לפסול לעדות מי שמעביר זקנו במכונת גילוח ואי מותר להשתמש במכונת גילוח ,יורה דעה,מותר,2,לא תעשה,2,פטור,2,איסור,2,בין אדם למקום,2,לכתחילה,2,N/A,פשוט דלא הוי כעין תער ומותר. ,השחתת הזקן,
CJ,"שו""ת יביע אומר חלק ב - חושן משפט סימן ז","השואל ספרי גמרא ופוסקים מחבירו אם מותר ללמוד בהם בעומק העיון ומשמוש ונגיעת היד בספר, או לא. ולענין אם נאנסו מידי השואל אם חייב לשלם דמי הספר לבעלים.",חושן משפט,מותר,2,לא תעשה,2,פטור,2, ממון,2,בין אדם לחבירו,2,לכתחילה,2,N/A,"השואל ספרי תלמוד ופוסקים מחבירו, רשאי ללמוד בהם בעיון אפי' דברים שלא למד בהם עד עתה. ומותר ליגע בספר ולמשמש בידו ככל הצורך ללימודו. וכן לפתוח בו מראשו לסופו ולהיפך. ואם נאנס מיד השואל, פטור מלשלם.","פיקדון, ספרי קודש",
CJ,"שו""ת קול מבשר חלק א סימן נח","בענין חבל עב שהסירו מעל אחד העצים בעיר אחת שבמדינת פולין שנתלו עליו מאחב""י =מאחינו בית ישראל= הי""ד ומנהלי הוועדה הנ""ל הנהיגו שבזמן שמתאספים ביום עשרה בטבת בבהכ""נ של הר ציון להתפלל ולהזכיר נשמות ההרוגים הקדושים הי""ד אז יתאזר החזן בחבל זה, ועכשיו הם שואלים אם אין חשש איסור בזה.","יורה דעה, אורח חיים",אסור,2,לא תעשה,2,N/A,,איסור,2,בין אדם למקום,1,לכתחילה,2,N/A,"נראה ברור שהמנהג הזה צריכים לבטלו ויש בו איסור ע""פ דין.",,
CJ,"שו""ת ציץ אליעזר חלק יג סימן עא",גדר מצות מחית עמלק ואם מקבלים גרים מהם. ,אורח חיים?,אסור,1,עשה,1,N/A,,איסור,2,בין אדם למקום,2,לכתחילה,2,N/A,"ס""ל להרמב""ם שמקבלים גם מעמלק, דוקא בשעת כיבוש, וכשמקבל עליו רק להיות כגר תושב בשמירת שבע מצות בני נח",מחיית עמלק,
אבי פ.,"שו""ת לב אריה חלק ב סימן יז","מזוזה שנקבעה במסמר אחד רק מלמעלה ולא מלמטה - אם כדי לקיים המצוה כהלכתה יש עליו חיוב לקבעה גם מלמטה במסמר כדי שלא תהא ""מזוזה תלויה""; ואם צריך לברך עליה בשעה שמסמר אותה גם מלמטה. ",יורה דעה,אסור,1,עשה,1,פטור,2,איסור,2,למקום,2,בדיעבד,1,יצא,נחשב מזוזה כשירה ואסור לברך ברכה חדשה אם קובע מסמר למטה,מזוזה,
אבי פ.,"שו""ת יוסף אומץ סימן נד","אם מותר ללמוד תהלים בלילה לפי מנהג האר""י שאסור ללמוד מקרא בלילה חוץ מליל שישי?",אורח חיים,מותר,1,לא תעשה,2,NA,2,איסור,2,למקום,2,בדיעבד,1,NA,"יש על מי לסמוך, אבל המשיב עצמו מחמיר ואינו קורא אלא בליל שישי",מנהג?,
אבי פ.,"שו""ת מר ואהלות חלק חושן משפט סימן ל","ראובן ששכר בית משמעון ונתן לו השכירו' בתורת מוקדם ובתוך הזמן היה מגפ' בעיר ובני שמעון הוכו במגפה לתפ""ץ והוכרח ראובן לברוח כי הוא חולי המדבק ותובע השכירות שנתן בתורת מוקדם ושמעון השיב הא ביתא קמך ומזלך גרם ומה אעש' לך האם חייב שמעון להחזיר המעות? ",חושן משפט,NA,2,NA,1,פטור,2,ממון,2,לחבירו,2,בדיעבד,2,NA,אינו חייב להחזיר הממון,שכירות,
אבי פ.,"שו""ת צמח צדק (הקדמון) סימן כט","אם הבר אוזות הנקראין ""ווילדי ענקין"" מותרים באכילה?",יורה דעה,אסור ,2,לא תעשה,2,NA,2,איסור,2,למקום,2,בדיעבד,2,NA,אסור משום שאין להם מסורת,"איסורי אכילה, עוף",
אבי פ.,"שו""ת שארית יוסף סימן כב",שוחט שנמצא ב שחיטות שלו שלא חטך שיעור כשר בסימנים בב פעמים מה הדין בכל הבהמות שנחשטו בין ב פעמים האלו?,יורה דעה,מותר,2,לא תעשה,2,NA,1,איסור,2,למקום,2,לכתחילה,2,NA,כל מה ששחט עד פעם השניה כשר כיון שהבהמות היו של אחרים,"איסורי אכילה,  טריפה (בבעלי חיים), שוחט",
אבי פ.,"שו""ת משפטי שמואל שאלה כב",שמעון תובע ממון מראובן בשטר וראובן טוען שאינו צריך לשלם כיון שיש לו שטר שחייב שמוען לו יותר ממון ממה שהוא חייב לשמעון האם חייב ראובן לשלם קודם הבירור של טענתו על שמעון?,חושן משפט,NA,2,לא תעשה,1,פטור,2,ממון,2,לחבירו,2,לכתחילה,1,NA,ראובן פטור מלשלם,שטרות,
אבי פ.,"שו""ת החיד""א סימן ו",אם מנהג נכון לומר יראו עינינו אחר ברכת השכיבנו?,אורח חיים,מותר,1,עשה,1,NA,2,איסור,1,למקום,2,לכתחילה,0,יצא?,"אף על פי שמעיקר הדין אין לומר אלא השכיבנו ותו לו, האומרים יראו עינינו יש על מי לסמוך","תפילה, מנהג",
אבי פ.,תמים דעים סימן כב,נשבר העצם ונכנס לפנים האם אסור משום טריפה?,יורה דעה,מותר,2,לא תעשה,2,NA,2,איסור ,2,למקום,2,לכתחילה,2,NA,מותר משום דלא שליט בה אויר ואין להוסיף על הטריפות,טריפה (בבעלי חיים),
אבי פ.,"שו""ת אגרות משה אורח חיים חלק ד סימן עב",המניח דבר מוקצה על ספר לפני שבת ולא ידע שאינו כבוד לספר לעשות זה האם נעשית הספר בסיס ואסור לטלטלו?,אורח חיים,אסור,2,לא תעשה,2,NA,2,איסור,2,למקום,2,בדיעבד,2,NA,"אסור, אבל אם היה דעתו להסירו בשבת אזי יש להקל ולומר דלא נעשית בסיס משום כבוד הספר. ובספר תורה, ודאי לא אמרינן שנעשית בסיס ומוקצה. ","מוקצה, שבת",
אבי פ.,"שו""ת בנין ציון סימן סא",אם מותר לעקור אילנות זקנים שיש להם קצת פירות כדי לבנות לו בית במקומם?,יורה דעה,מותר,2,לא תעשה,2,NA,2,איסור,2,למקום,2,לכתחילה,1,NA,מותר לקצוץ האילנות כדי להעלות בדמים,בל תשחית,
אבי פ.,,,,,,,,,,,,,,,,,,,
אבי פ.,,,,,,,,,,,,,,,,,,,
אבי פ.,,,,,,,,,,,,,,,,,,,
אבי פ.,,,,,,,,,,,,,,,,,,,
אבי פ.,,,,,,,,,,,,,,,,,,,
אבי פ.,,,,,,,,,,,,,,,,,,,
אבי פ.,,,,,,,,,,,,,,,,,,,